à	Outil	PRE
abattre	CM2	VER
abeille	CE1	NOM
abondance	CM1	NOM
abondant	CM2	ADJ
aborder	CM1	VER
aboutir	CE2	VER
abriter	CM1	VER
absent	CM2	ADJ
absolu	CM2	NOM/ADJ
absolument	CM2	ADV
abuser	CM1	VER
accident	CM1	NOM
acclamer	CM2	VER
accord	CM2	NOM
accorder	CM1	VER
accuser	CM2	VER
acharner	CM2	VER
achat	CP	NOM
acheter	CE2	VER
acheteur	CM1	NOM
achever	CM1	VER
acier	CM2	NOM
acte	CE1	NOM
actif	CE2	ADJ
action	CE2	NOM
activer	CM1	VER
activité	CM1	NOM
actuel	CM2	ADJ
actuellement	CM1	ADV
adieu	CE2	NOM
administration	CM1	NOM
admirable	CE2	ADJ
admiration	CM1	NOM
admirer	CM1	VER
adopter	CM2	VER
adorer	CM1	VER
adoucir	CM1	VER
adresse	CM1	NOM
adresser	CM2	VER
adroit	CE2	ADJ
adversaire	CM1	NOM/ADJ
aérer	CM2	VER
affaiblir	CE2	VER
affaire	CM1	NOM
affection	CM2	NOM
affectueux	CM2	ADJ
affiche	CM1	NOM
affreux	CM2	ADJ
afin	CM1	PRE
âge	CE2	NOM
agenouiller	CM2	VER
agent	CE2	NOM
agile	CM1	ADJ
agir	CM1	VER
agitation	CM1	NOM
agréable	CE1	ADJ
agréablement	CE2	ADV
agrément	CM1	NOM
agrémenter	CM1	VER
aide	CE2	NOM
aider	CM2	VER
aiguille	CM1	NOM
aile	CE2	NOM
aimable	CM1	ADJ
aimer	CE2	VER
air	CE2	NOM
aise	CM1	NOM
ajouter	CE2	VER
alerte	CM1	NOM
aliment	CE2	NOM
allée	CE2	NOM
aller	CE2	VER
allonger	CM1	VER
allumer	CM2	VER
allumette	CM1	NOM
allure	CM2	NOM
alors	CM1	ADV
alouette	CM2	NOM
amateur	CE1	NOM/ADJ
âme	CE2	NOM
amener	CM1	VER
ami	CE2	NOM/ADJ
amical	CM1	ADJ
amicalement	CM1	ADV
amour	CE1	NOM
amusant	CM1	ADJ
amusement	CE2	NOM
amuser	CM1	VER
an	CM1	NOM
ancien	CM2	ADJ/NOM
âne	CE1	NOM
ange	CE1	NOM
anglais	CM1	NOM/ADJ
angle	CM1	NOM
animal	CP	NOM/ADJ
animation	CM1	NOM
animer	CM2	VER
année	CP	NOM
annonce	CM1	NOM
apostolique	CM1	ADJ
apôtre	CM1	NOM
apparence	CM2	NOM
apparition	CM2	NOM
appartement	CM1	NOM
appartenir	CM1	VER
appel	CM2	NOM
application	CM1	NOM
apporter	CM2	VER
apprendre	CM1	VER
approche	CM1	NOM
approcher	CE2	VER
après	CE2	PRE/ADV
après-midi	CM2	NOM
araignée	CM2	NOM
arbitre	CM1	NOM
arbre	CP	NOM
arbuste	CM1	NOM
architecte	CM1	NOM
ardent	CM1	ADJ
ardeur	CE1	NOM
ardoise	CE1	NOM
argent	CM1	NOM
arme	CP	NOM
armée	CE2	NOM
armer	CM2	VER
armoire	CE1	NOM
arracher	CM1	VER
arrêt	CM2	NOM
arrière	CM1	NOM/ADJ
arrivée	CM1	NOM
arriver	CM1	VER
arrondissement	CM2	NOM
arroser	CM2	VER
art	CM1	NOM
article	CP	NOM
artiste	CE1	NOM/ADJ
aspect	CM2	NOM
aspirer	CM1	VER
assidu	CM2	ADJ
assister	CM2	VER
assurer	CM2	VER
astre	CE1	NOM
atelier	CM1	NOM
attachement	CM2	NOM
attaque	CM1	NOM
attaquer	CM2	VER
attendre	CM1	VER
attentif	CM1	ADJ
attention	CM1	NOM
attentivement	CM1	ADV
attirer	CM1	VER
attribuer	CM1	VER
au	Outil	DET/PRE
aube	CP	NOM
aubépine	CM1	NOM
auberge	CM1	NOM
aucun	CE2	ADJ/PRO/DET
aujourd hui	CM1	ADV
aumône	CM2	NOM
auprès	CM2	PRE
auquel	CM2	PRO
aurore	CM1	NOM
aussi	CE2	ADV/CON
aussitôt	CM2	ADV
autant	CM1	ADV
autel	CM1	NOM
auteur	CE2	NOM
automne	CM2	NOM
automobile	CM1	NOM
autoriser	CM1	VER
autorité	CM1	NOM
autour	CP	PRE/ADV/NOM
autre	CE1	ADJ/PRO
autrefois	CM1	ADV
autrement	CM1	ADV
autrui	CM2	PRO
aux	Outil	PRE/DET
avaler	CE2	VER
avance	CM1	NOM
avancer	CM2	VER
avant	CE2	PRE/ADV
avec	CP	PRE/ADV
avenir	CP	NOM
aventure	CM1	NOM
avenue	CE2	NOM
averse	CE2	NOM
avertir	CE2	VER
aveugle	CE1	NOM/ADJ
aviateur	CP	NOM
avion	CE1	NOM
avis	CE2	NOM
aviser	CM2	VER
avoine	CM1	NOM
avoir	Outil	VER
avoir	CE2	NOM
avouer	CE2	VER
avril	CE1	NOM
azuré	CM2	ADJ
bagage	CM1	NOM
baguette	CM2	NOM
bain	CE2	NOM
baisser	CM2	VER
bal	CE2	NOM
balancer	CM1	VER
balcon	CE2	NOM
balle	CE1	NOM
ballon	CM1	NOM
banane	CM1	NOM
banc	CE2	NOM
bande	CE1	NOM
bandit	CM1	NOM
banque	CE2	NOM
banquier	CM1	NOM
barbe	CP	NOM
barque	CE1	NOM
barquette	CE1	NOM
barre	CM1	NOM
barrière	CM2	NOM
bas	CE2	NOM/ADJ/ADV
basse	CE2	NOM
bassin	CE2	NOM
bataille	CE2	NOM
bâtiment	CM1	NOM
bâtir	CM1	VER
bâton	CM1	NOM
battre	CM1	VER
bavarder	CE2	VER
bazar	CE2	NOM
beau	CE1	ADJ
beaucoup	CM1	ADV
beauté	CM1	NOM
bébé	CP	NOM
bec	CE1	NOM
bêche	CE2	NOM
belge	CE1	NOM/ADJ
bénédiction	CE2	NOM
bénéfice	CM1	NOM
bénir	CM1	VER
berceau	CM1	NOM
berger	CE2	NOM
besogne	CE2	NOM
besoin	CM1	NOM
bétail	CM2	NOM
bête	CE2	NOM/ADJ
betterave	CM2	NOM
beurre	CE2	NOM
bien	CE1	ADV/ADV/NOM
bienfait	CM1	NOM
bienfaiteur	CM1	NOM/ADJ
bienheureux	CM1	ADJ
bientôt	CE2	ADV
bienvenu	CM2	ADJ/NOM
bière	CM2	NOM
bijou	CM1	NOM
bille	CE1	NOM
billet	CE2	NOM
bise	CE1	NOM
blanc	CE2	ADJ/NOM
blancheur	CE1	NOM
blanchir	CE1	VER
blé	CE1	NOM
blessure	CM1	NOM
bleu	CE1	NOM/ADJ
bleuet ou bluet	CM1	NOM
bloc	CM1	NOM
blond	CM1	NOM/ADJ
blouse	CE2	NOM
boeuf	CE2	NOM
boire	CE1	VER
bois	CE1	NOM
boisson	CE2	NOM
boiteux	CM2	ADJ
bon	CE1	ADJ/ADV/NOM
bonbon	CE2	NOM
bond	CM2	NOM
bondir	CE1	VER
bonheur	CE2	NOM
bonhomme	CM1	NOM
bonjour	CE1	NOM
bonne	CP	NOM
bonnet	CM1	NOM
bonsoir	CM1	NOM
bonté	CE2	NOM
bord	CE1	NOM
border	CM2	VER
bordure	CE1	NOM
borne	CE1	NOM
bosquet	CM1	NOM
bossu	CM1	ADJ
botte	CE1	NOM
bouche	CP	NOM
boucher	CM1	NOM/VER
boucle	CE1	NOM
boucler	CM1	VER
bouder	CM1	VER
boue	CE2	NOM
boueux	CM2	ADJ
bouger	CM1	VER
bougie	CE2	NOM
boulanger	CE2	NOM
boulangerie	CE2	NOM
boule	CE1	NOM
bouquet	CE2	NOM
bourdonnement	CM1	NOM
bourgeon	CM1	NOM
bourse	CE2	NOM
bout	CM1	NOM
bouteille	CE2	NOM
boutique	CE1	NOM
bouton	CE1	NOM
branche	CP	NOM
bras	CE1	NOM
brave	CP	NOM/ADJ
bravo	CM1	NOM
brebis	CE2	NOM
bref	CE2	ADJ/ADV
brin	CM1	NOM
brindille	CM2	NOM
brique	CP	NOM
brise	CE1	NOM
briser	CE2	VER
brochure	CE2	NOM
broder	CM1	VER
brouillard	CM2	NOM
brouter	CM1	VER
broyer	CM1	VER
bruit	CE2	NOM
brume	CE1	NOM
brumeux	CM1	ADJ
brun	CE2	NOM/ADJ
brusque	CE2	ADJ
brusquement	CM1	ADV
brut	CM2	ADJ
brutal	CE2	ADJ
buisson	CM1	NOM
bureau	CE2	NOM
but	CM1	NOM
butiner	CM2	VER
c	Outil	PRO
cabane	CE2	NOM
cabine	CE1	NOM
cache-cache	CM1	NOM
cacher	CE2	VER
cadavre	CE2	NOM
cadeau	CE2	NOM
cadet	CM1	NOM/ADJ
cadran	CM1	NOM
cadre	CE1	NOM
café	CP	NOM
cage	CP	NOM
cahier	CE1	NOM
caisse	CE2	NOM
calcul	CE1	NOM
calculer	CE2	VER
calendrier	CM1	NOM
calice	CM1	NOM
calme	CE2	NOM/ADJ
calmer	CM1	VER
camarade	CM1	NOM
camion	CE2	NOM
camp	CM2	NOM
campagne	CE1	NOM
canal	CE1	NOM
canard	CE1	NOM
canif	CE2	NOM
canne	CM1	NOM
canon	CE1	NOM
cantique	CE2	NOM
capable	CE2	ADJ
capitaine	CE2	NOM
capital	CE2	NOM/ADJ
caprice	CM1	NOM
car	CE2	NOM/CON
carabine	CE1	NOM
caractère	CM1	NOM
carnet	CE2	NOM
carotte	CM2	NOM
carré	CE2	NOM/ADJ
carreau	CM2	NOM
carrière	CM2	NOM
cartable	CE2	NOM
carte	CP	NOM
carton	CP	NOM
cas	CM1	NOM
casquette	CM1	NOM
casser	CM2	VER
cause	CE2	NOM
causer	CM1	VER
cave	CP	NOM
caverne	CE1	NOM
ce	Outil	PRO
ceci	CM1	PRO
cela	CM1	PRO
céleste	CM1	ADJ
celui-ci	CM1	PRO
celle-ci	CM1	PRO
cendre	CM2	NOM
cent	CM1	NOM/ADJ/DET
centaine	CM1	NOM
centime	CE2	NOM
centimètre	CM1	NOM
centre	CM1	NOM
cercle	CE2	NOM
cérémonie	CM2	NOM
cerf	CM2	NOM
cerise	CM1	NOM
cerisier	CM1	NOM
certain	CM2	ADJ/PRO/DET
ces	Outil	DET
cesser	CM2	VER
cet	Outil	DET
cette	Outil	DET
ceux	CM1	PRO
chacun	CE2	PRO
chagrin	CE2	NOM
chair	CM1	NOM
chaise	CE2	NOM
chaleur	CP	NOM
chambre	CP	NOM
chameau	CE2	NOM
champ	CM1	NOM
chance	CM1	NOM
changement	CE2	NOM
changer	CM1	VER
chanson	CE1	NOM
chant	CE1	NOM
chanter	CE2	VER
chanteur	CP	NOM
chantre	CE1	NOM
chapeau	CE1	NOM
chapelet	CM1	NOM
chapelle	CE2	NOM
chapitre	CM1	NOM
chaque	CE1	DET
charbon	CE1	NOM
charbonnage	CM1	NOM
charge	CE1	NOM
charger	CM1	VER
charitable	CE1	ADJ
charité	CE2	NOM
charmant	CM1	ADJ
charme	CP	NOM
charmer	CE2	VER
chasse	CE1	NOM
chasser	CM1	VER
chasseur	CE1	NOM
chat	CP	NOM
château	CM1	NOM
chaud	CE2	ADJ
chaudement	CE1	ADV
chauffage	CM1	NOM
chauffer	CM1	VER
chauffeur	CM1	NOM
chaume	CE2	NOM
chaumière	CE2	NOM
chaussée	CM1	NOM
chausser	CM1	VER
chaussure	CM1	NOM
chef	CE1	NOM
chemin	CP	NOM
cheminée	CP	NOM
chemise	CE1	NOM
chêne	CM2	NOM
cher	CE2	ADJ/ADV
chercher	CE1	VER
chéri	CM1	ADJ/NOM
chérir	CM1	VER
cheval	CP	NOM
chevalier	CE1	NOM
chevelure	CE1	NOM
chèvre	CM1	NOM
chez	CM2	PRE
chien	CE1	NOM
chiffon	CM1	NOM
chiffre	CM1	NOM
choc	CM1	NOM
chocolat	CE2	NOM
choisir	CE2	VER
choix	CM1	NOM
chose	CE2	NOM
chute	CE2	NOM
ciel	CE2	NOM
cigarette	CM1	NOM
cimetière	CM1	NOM
cinéma	CM1	NOM
cinq	CE2	DET
cinquante	CM1	DET
circulation	CM1	NOM
circuler	CM2	VER
cirque	CE2	NOM
cité	CM2	NOM
clair	CM1	ADJ/ADV
clairière	CM1	NOM
clairon	CE2	NOM
claquer	CM1	VER
clarté	CM1	NOM
classe	CP	NOM
classique	CM1	ADJ/NOM
clef ou clé	CM1	NOM
clément	CM1	ADJ
client	CE2	NOM/ADJ
climat	CM1	NOM
cloche	CE1	NOM
clocher	CE2	NOM
clochette	CE2	NOM
clou	CE1	NOM
clouer	CM1	VER
cochon	CE1	NOM
coeur	CP	NOM
coffre	CM2	NOM
coffret	CM2	NOM
coiffer	CM1	VER
coiffure	CM1	NOM
coin	CE1	NOM
colère	CM1	NOM
collection	CM1	NOM
colline	CM1	NOM
colonel	CM1	NOM
colonial	CM2	ADJ/NOM
colorer	CE2	VER
combat	CM1	NOM
combien	CE1	ADV/CON/NOM
comble	CE2	NOM
combler	CM2	VER
commande	CM1	NOM
comme	CE1	CON/ADV
commencement	CM1	NOM
commencer	CM2	VER
comment	CE2	ADV/NOM/CON
commerce	CM1	NOM
commun	CE2	ADJ
commune	CE1	NOM
communion	CM1	NOM
compagne	CE1	NOM
compagnie	CE2	NOM
compagnon	CE1	NOM
comparaison	CM2	NOM
comparer	CE2	VER
complet	CM1	ADJ/NOM
complètement	CM2	ADV
compliment	CE2	NOM
compliquer	CM1	VER
composer	CM2	VER
composition	CM1	NOM
comprendre	CE2	VER
conclure	CM1	VER
conduire	CE2	VER
conduite	CE1	NOM
conférence	CM1	NOM
confiance	CM1	NOM
confier	CM1	VER
confiture	CE1	NOM
confondre	CE2	VER
conformément	CM1	ADV
confrère	CE1	NOM/ADJ
congé	CM1	NOM
congrès	CM1	NOM
consacrer	CM2	VER
conseil	CM1	NOM
conserver	CM1	VER
considérable	CM1	ADJ
consolation	CE2	NOM
consoler	CM1	VER
constant	CM2	ADJ
constater	CM1	VER
constituer	CM1	VER
construction	CE2	NOM
construire	CM1	VER
consulter	CM2	VER
conte	CE2	NOM
contenir	CE1	VER
content	CM1	ADJ
contentement	CM1	NOM
contenter	CM1	VER
contenu	CE1	NOM/ADJ
continuel	CM2	ADJ
continuellement	CE2	ADV
continuer	CE2	VER
contraire	CM1	ADJ/NOM
contrarier	CM1	VER
contre	CE1	PRE/ADV
contrée	CM1	NOM
contribuer	CE2	VER
convenable	CE2	ADJ
convenir	CE1	VER
conversation	CE2	NOM
convertir	CM1	VER
conviction	CM1	NOM
copier	CE2	VER
coq	CE2	NOM
coquet	CM1	ADJ
coquille	CM1	NOM
corbeau	CE2	NOM
corbeille	CE2	NOM
corde	CE1	NOM
cordial	CM2	ADJ
cordialement	CM1	ADV
cordonnier	CM2	NOM
corne	CE2	NOM
corniche	CE1	NOM
corps	CM2	NOM
correction	CM1	NOM
corridor	CM2	NOM
corriger	CM2	VER
cortège	CE2	NOM
costume	CP	NOM
côte	CM1	NOM
côté	CE2	NOM
coton	CE2	NOM
cou	CE2	NOM
couche	CP	NOM
coucher	CE2	NOM/VER
coucou	CE1	NOM
coude	CE1	NOM
coudre	CE2	VER
couler	CE2	VER
couleur	CE1	NOM
couloir	CM1	NOM
coup	CM1	NOM
coupable	CE1	ADJ/NOM
coupe	CE1	NOM
couper	CE1	VER
cour	CE2	NOM
courage	CE1	NOM
courageusement	CE2	ADV
courageux	CM1	ADJ
courant	CM1	NOM/ADJ
courber	CM1	VER
coureur	CE2	NOM
courir	CE2	VER
couronne	CM1	NOM
cours	CM2	NOM
course	CE2	NOM
court	CM1	NOM/ADJ/ADV
cousin	CE2	NOM/ADJ
coussin	CM1	NOM
couteau	CM1	NOM
coutume	CE2	NOM
couture	CM2	NOM
couvent	CM1	NOM
couver	CM1	VER
couvercle	CM1	NOM
couvert	CM1	NOM/ADJ
couverture	CE1	NOM
couvrir	CE2	VER
craindre	CM1	VER
crainte	CM1	NOM
craquement	CM1	NOM
craquer	CM2	VER
crayon	CM1	NOM
créateur	CM1	NOM
créature	CE1	NOM
crépuscule	CE2	NOM
creuser	CM2	VER
creux	CM1	NOM/ADJ/ADV
crever	CM2	VER
cri	CM1	NOM
crier	CE1	VER
crime	CE1	NOM
crise	CE2	NOM
cristal	CE2	NOM
croire	CE2	VER
croix	CP	NOM
cuir	CM1	NOM
cuire	CE2	VER
cuisine	CE2	NOM
cuisinière	CM1	NOM
cuivre	CE1	NOM
culotte	CM1	NOM
cultivateur	CE2	NOM
cultiver	CM1	VER
culture	CP	NOM
curé	CE2	NOM
curieux	CM1	NOM/ADJ
curiosité	CM2	NOM
d	Outil	PRE/DET
dame	CE2	NOM
danger	CE2	NOM
dangereux	CE2	ADJ
dans	CE1	PRE
danse	CM1	NOM
danser	CM1	VER
date	CE2	NOM
de	Outil	PRE/DET
débarquer	CM2	VER
débiter	CM1	VER
déborder	CM1	VER
déboucher	CM2	VER
debout	CM1	ADV/ADJ
début	CE2	NOM
décéder	CM2	VER
décembre	CE1	NOM
décharger	CM2	VER
déchirer	CM1	VER
décider	CM1	VER
déclarer	CM1	VER
décorer	CM1	VER
découper	CM2	VER
décourager	CM1	VER
découverte	CE1	NOM
découvrir	CE1	VER
décrire	CM2	VER
dedans	CE2	ADV/NOM
défaire	CM1	VER
défaut	CM1	NOM
défendre	CM1	VER
défense	CM1	NOM
défenseur	CM1	NOM
dégager	CM2	VER
degré	CM1	NOM
dehors	CM2	ADV/NOM
déjà	CM2	ADV
déjeuner	CM1	NOM/VER
délicat	CM1	ADJ
délice	CM1	NOM
délicieux	CM1	ADJ
délivrer	CM1	VER
demain	CE1	ADV/NOM
demande	CE2	NOM
demander	CM1	VER
démarche	CE2	NOM
déménager	CM2	VER
demeure	CM1	NOM
demeurer	CM2	VER
demi	CE2	NOM/ADJ
demoiselle	CE2	NOM
démolir	CM1	VER
dent	CE1	NOM
dentelle	CM1	NOM
dénudé	CM1	ADJ
départ	CM2	NOM
dépendre	CE2	VER
dépenser	CE2	VER
déplacer	CM1	VER
déplaire	CE2	VER
déposer	CM1	VER
depuis	CE2	PRE
déranger	CM1	VER
dernier	CE1	NOM/ADJ
dernièrement	CM1	ADV
dérober	CM1	VER
des	Outil	DET
dès	CM1	PRE
désagréable	CE2	ADJ
désastre	CM2	NOM
descendre	CM1	VER
description	CM2	NOM
désigner	CE2	VER
désir	CM1	NOM
désirer	CM2	VER
désireux	CE2	ADJ
désobéir	CM1	VER
désolation	CM1	NOM
désoler	CM1	VER
désordre	CE2	NOM
dessert	CM1	NOM
dessin	CE1	NOM
dessiner	CM1	VER
dessous	CM1	ADV/NOM
dessus	CM2	ADV/NOM
destination	CE2	NOM
destinée	CM1	NOM
destiner	CM2	VER
détacher	CM1	VER
détail	CM1	NOM
déterminer	CM1	VER
détester	CE2	VER
détour	CM1	NOM
détourner	CM1	VER
détruire	CE2	VER
dette	CE2	NOM
deuil	CM1	NOM
deux	CP	DET
deuxième	CM1	ADJ/NOM
devant	CE2	NOM/PRE/ADV
devenir	CP	VER
deviner	CM1	VER
devoir	CP	VER/NOM
dévorer	CM1	VER
dévouement	CE2	NOM
dévouer	CE2	VER
diable	CE1	NOM
dictée	CE1	NOM
dictionnaire	CM2	NOM
dieu	CE2	NOM
différent	CM1	ADJ
digne	CE2	ADJ
dimanche	CE1	NOM
diminuer	CM1	VER
dîner	CM1	NOM/VER
dire	CE1	VER/NOM
directement	CE2	ADV
directeur	CE1	NOM/ADJ
direction	CE2	NOM
diriger	CM1	VER
discuter	CM2	VER
disparition	CM2	NOM
dispenser	CM1	VER
disposer	CM1	VER
disposition	CM1	NOM
disputer	CM1	VER
distinction	CM1	NOM
distraction	CM1	NOM
distraire	CM1	VER
distrait	CM1	ADJ
distribuer	CM1	VER
distribution	CE2	NOM
divers	CM2	ADJ/DET
divin	CE2	ADJ/NOM
diviser	CE2	VER
division	CE1	NOM
dix	CE1	DET
dizaine	CM1	NOM/ADJ
docile	CM1	ADJ
docteur	CE2	NOM
doigt	CM1	NOM
domestique	CE2	NOM/ADJ
domicile	CE2	NOM
dominer	CM1	VER
dompteur	CM2	NOM
donc	CE1	CON
donner	CM1	VER
dont	CE2	PRO
dormir	CE1	VER
dos	CE2	NOM
double	CE1	NOM/ADJ
doubler	CM1	VER
doucement	CM1	ADV
douceur	CM1	NOM
douleur	CP	NOM
douloureux	CE2	ADJ
doute	CE2	NOM
douter	CM1	VER
doux	CE2	ADJ/ADV
douzaine	CM1	NOM
douze	CE2	DET
drap	CE2	NOM
drapeau	CE2	NOM
droit	CE2	NOM/ADJ
droite	CP	NOM
drôle	CM1	ADJ/NOM
du	Outil	DET/PRE
duc	CE1	NOM
duquel	CM2	PRO
dur	CM1	ADJ/NOM
durant	CM1	PRE
durée	CE2	NOM
durer	CM1	VER
duvet	CE2	NOM
eau	CE2	NOM
éblouir	CM1	VER
écarter	CM2	VER
échanger	CM1	VER
échantillon	CM2	NOM
échapper	CE2	VER
écharpe	CE1	NOM
échelle	CE2	NOM
éclair	CM1	NOM
éclaircir	CM2	VER
éclairer	CM2	VER
éclat	CE2	NOM
éclatant	CM2	ADJ
éclater	CM1	VER
éclore	CM1	VER
écluse	CE2	NOM
école	CP	NOM
écolier	CE2	NOM
économie	CM1	NOM
économiser	CM2	VER
écouler	CM1	VER
écouter	CE2	VER
écrier	CM1	VER
écrire	CE2	VER
écrit	CM1	NOM/ADJ
écriture	CP	NOM
écurie	CE1	NOM
édifier	CM2	VER
éducation	CM1	NOM
effacer	CM2	VER
effet	CM2	NOM
effort	CM1	NOM
également	CE2	ADV
égarer	CM1	VER
église	CP	NOM
élancer	CM2	VER
élargir	CM1	VER
électricité	CM1	NOM
électrique	CE2	ADJ
élégant	CM1	ADJ
éléphant	CM1	NOM
élève	CE1	NOM
élever	CM2	VER
elle	Outil	PRO
elles	Outil	PRO
embellir	CM2	VER
embrasser	CM2	VER
émerveiller	CM1	VER
émotion	CM2	NOM
émouvoir	CE2	VER
empereur	CM1	NOM
emplacement	CM2	NOM
emplir	CM1	VER
emporter	CM1	VER
en	Outil	PRO
encadrer	CM2	VER
enchanté	CM2	ADJ
encore	CE2	ADV
encourager	CM1	VER
encourir	CE2	VER
encre	CE1	NOM
encrier	CE2	NOM
endormir	CE1	VER
endroit	CM1	NOM
énergie	CE2	NOM
énergique	CM1	ADJ
enfance	CE2	NOM
enfant	CP	NOM
enfermer	CE2	VER
enfin	CE2	ADV
enfoncer	CM1	VER
enfouir	CM2	VER
enfuir	CM1	VER
engager	CE2	VER
engloutir	CM1	VER
enlever	CM1	VER
ennemi	CM2	NOM/ADJ
énorme	CE2	ADJ
énormément	CM1	ADV
enrichir	CM1	VER
enseignement	CM1	NOM
enseigner	CM1	VER
ensemble	CM1	NOM/ADV
ensuite	CE2	ADV
entendre	CE2	VER
enterrer	CM2	VER
entier	CE1	ADJ
entièrement	CM2	ADV
entonner	CM1	VER
entrain	CM2	NOM
entre	CE1	PRE
entrée	CE1	NOM
entreprendre	CE2	VER
entrer	CM2	VER
entretenir	CE1	VER
entrevoir	CE2	VER
enveloppe	CM2	NOM
envie	CE2	NOM
envier	CM1	VER
environ	CM1	ADV
envoler	CM1	VER
envoyer	CM2	VER
épais	CM1	ADJ
épanouir	CM1	VER
épargne	CE1	NOM
épaule	CE2	NOM
épauler	CM1	VER
épée	CM1	NOM
épine	CE1	NOM
époque	CE2	NOM
épouser	CM1	VER
épouvantable	CM2	ADJ
époux	CM1	NOM
épreuve	CE1	NOM
éprouver	CM1	VER
épuiser	CM1	VER
équilibre	CM1	NOM
équipage	CE2	NOM
équipe	CM1	NOM
erreur	CM2	NOM
escalader	CE2	VER
escalier	CE2	NOM
esclave	CE1	NOM
espace	CM1	NOM
espérance	CM2	NOM
espérer	CM2	VER
espoir	CE2	NOM
esprit	CE2	NOM
estime	CE2	NOM
estimer	CM1	VER
estomac	CM1	NOM
estrade	CE1	NOM
et	Outil	CON
étable	CE1	NOM
établir	CE1	VER
étage	CE2	NOM
étagère	CM1	NOM
étalage	CE1	NOM
étaler	CM1	VER
étang	CM2	NOM
état	CM1	NOM
été	CE1	NOM
étendre	CM1	VER
étendue	CE2	NOM
éternel	CE2	ADJ/NOM
éternité	CM1	NOM
étincelle	CM1	NOM
étirer	CM2	VER
étoffe	CE2	NOM
étoile	CE2	NOM
étonnement	CM2	NOM
étonner	CM1	VER
étourdi	CM1	ADJ
étrange	CE2	ADJ
étranger	CM1	NOM/ADJ
être	Outil	VER
être	CM1	NOM
étroit	CM1	ADJ
étude	CP	NOM
étudiant	CE2	NOM
étudier	CE2	VER
eux	CM1	PRO
évangile	CM2	NOM
évanouir	CE2	VER
éveiller	CM2	VER
éviter	CM1	VER
exactement	CM2	ADV
exactitude	CM2	NOM
exclamation	CM1	NOM
excuse	CM1	NOM
exemple	CM1	NOM
expédier	CM2	VER
expédition	CM1	NOM
expérience	CM2	NOM
expirer	CM1	VER
explication	CE2	NOM
expliquer	CM1	VER
exposer	CM2	VER
exposition	CM1	NOM
exprès	CM2	ADJ/ADV
exprimer	CM1	VER
extérieur	CM1	NOM/ADJ
extraire	CM2	VER
extrémité	CM2	NOM
fabrication	CM1	NOM
fabrique	CE1	NOM
fabriquer	CE2	VER
face	CM1	NOM
facile	CM1	ADJ
facilement	CM1	ADV
facilité	CM1	NOM
faciliter	CM1	VER
façon	CM1	NOM
facteur	CP	NOM
faible	CM1	ADJ/NOM
faiblesse	CM1	NOM
faim	CM1	NOM
faire	CE1	VER
fait	CM2	NOM
falloir	CM2	VER
fameux	CM1	ADJ
famille	CP	NOM
farce	CM1	NOM
farine	CE2	NOM
farouche	CE2	ADJ
fatal	CM1	ADJ
fatigue	CE2	NOM
fatiguer	CE2	VER
faucher	CM1	VER
faucheur	CE2	NOM
faute	CE1	NOM
fauteuil	CM2	NOM
fauve	CE1	NOM/ADJ
fauvette	CE2	NOM
faveur	CE2	NOM
favorable	CE2	ADJ
favoriser	CM1	VER
fée	CE1	NOM
femelle	CM1	NOM/ADJ
femme	CP	NOM
fendre	CE2	VER
fenêtre	CE2	NOM
fer	CE1	NOM
ferme	CE1	NOM/ADV/ADJ
fermer	CM1	VER
fermier	CP	NOM/ADJ
féroce	CM2	ADJ
ferrer	CM1	VER
ferveur	CM1	NOM
fête	CP	NOM
fêter	CM1	VER
feu	CP	NOM/ADJ
feuillage	CM1	NOM
feuille	CE1	NOM
février	CM1	NOM
ficelle	CM1	NOM
fidèle	CE2	NOM/ADJ
fier	CE2	ADJ
fier (se)	CM1	VER
fièrement	CM2	ADV
fièvre	CM1	NOM
figure	CE1	NOM
figurer	CM1	VER
fil	CM1	NOM
file	CM1	NOM
filet	CM1	NOM
fille	CP	NOM
fillette	CM1	NOM
fils	CE2	NOM
fin	CE2	NOM/ADJ
finalement	CM1	ADV
finir	CE1	VER
fixe	CE2	ADJ
fixer	CM2	VER
flacon	CM1	NOM
flamand	CM2	NOM/ADJ
flamme	CM1	NOM
flaque	CM1	NOM
fléau	CM1	NOM
flèche	CM2	NOM
fleur	CE1	NOM
fleurette	CE1	NOM
fleuve	CE1	NOM
flocon	CM1	NOM
flot	CM1	NOM
flotter	CM2	VER
foi	CM1	NOM
foie	CM1	NOM
foin	CE2	NOM
foire	CE2	NOM
fois	CE1	NOM
fonction	CE2	NOM
fond	CM1	NOM
fondre	CE1	VER
fontaine	CE2	NOM
force	CE1	NOM
forcer	CM2	VER
forestier	CM1	ADJ
forêt	CM1	NOM
forge	CE2	NOM
forger	CM1	VER
forgeron	CE2	NOM
forme	CE2	NOM
former	CM1	VER
formidable	CE1	ADJ
fort	CE2	ADJ/ADV/NOM
fortement	CE1	ADV
fortune	CP	NOM
fossé	CM1	NOM
fou	CE2	NOM/ADJ
foudre	CP	NOM
fouet	CM1	NOM
fouetter	CM2	VER
fougère	CM1	NOM
foule	CE1	NOM
four	CE2	NOM
fourmi	CM2	NOM
fourneau	CE2	NOM
fournir	CE2	VER
fourniture	CE2	NOM
fourrure	CM1	NOM
foyer	CM1	NOM
fragile	CM1	ADJ
fraîcheur	CM2	NOM
frais	CM1	ADJ
fraise	CM1	NOM
franc	CE2	NOM/ADJ/ADV
franchement	CM1	ADV
franchir	CM1	VER
franchise	CM1	NOM
frapper	CM2	VER
frayeur	CM2	NOM
frémir	CM1	VER
frère	CE2	NOM
friandise	CM1	NOM
froid	CE1	ADJ/NOM
froisser	CM2	VER
fromage	CE1	NOM
froment	CM1	NOM
front	CM1	NOM
frontière	CM2	NOM
frotter	CM2	VER
fruit	CE1	NOM
fruitier	CM1	ADJ
fuir	CM1	VER
fuite	CE2	NOM
fumée	CE1	NOM
fumer	CE1	VER
fureur	CE2	NOM
furieux	CM1	ADJ
fusil	CE2	NOM
futur	CE1	NOM/ADJ
gagner	CM1	VER
galerie	CM1	NOM
gamin	CE2	NOM
gant	CM2	NOM
garantir	CM2	VER
garçon	CE1	NOM
garde	CE1	NOM
garder	CM1	VER
gardien	CE2	NOM
gare	CE2	NOM
garnir	CE2	VER
garniture	CE2	NOM
gâteau	CM2	NOM
gauche	CE1	NOM/ADJ
gaz	CM1	NOM
gazon	CM1	NOM
gazouillement	CM2	NOM
géant	CM1	NOM/ADJ
gelée	CE2	NOM
geler	CM1	VER
gémir	CM2	VER
gendarme	CM1	NOM
général	CM1	NOM/ADJ
généralement	CM1	ADV
généreux	CM1	ADJ
genre	CE2	NOM
gens	CM1	NOM
gentil	CM2	ADJ
géographie	CE2	NOM
gerbe	CE2	NOM
germer	CM1	VER
geste	CM1	NOM
gibier	CE2	NOM
giboulée	CM1	NOM
giroflée	CM2	NOM
givre	CM2	NOM
glace	CE2	NOM
glissant	CM1	ADJ
glisser	CM2	VER
gloire	CE1	NOM
gorge	CE2	NOM
gosse	CE2	NOM
gourmand	CM2	ADJ
goût	CM2	NOM
gouvernement	CM1	NOM
gouverner	CM1	VER
grâce	CM1	NOM/PRE
gracieux	CM2	ADJ
grain	CE2	NOM
graine	CM1	NOM
graisse	CM2	NOM
grammaire	CE1	NOM
grand	CE1	ADJ/NOM/ADV
grand-mère	CM1	NOM
grandeur	CE2	NOM
grandiose	CM1	ADJ
grandir	CE2	VER
grange	CM1	NOM
grappe	CM1	NOM
gras	CE2	ADJ/NOM
gratitude	CE2	NOM
grave	CE2	ADJ
gravement	CE2	ADV
graver	CM1	VER
gravir	CM1	VER
gravure	CE2	NOM
grenier	CE1	NOM
grenouille	CE2	NOM
grès	CM1	NOM
griffe	CE2	NOM
griffer	CM1	VER
grille	CM1	NOM
grimper	CM2	VER
grippe	CM2	NOM
gris	CE1	ADJ
grive	CE2	NOM
gronder	CM1	VER
gros	CE1	ADJ/NOM
grossier	CM2	ADJ
grossir	CE2	VER
grotte	CM1	NOM
groupe	CE2	NOM
grue	CE2	NOM
guérir	CM2	VER
guérison	CM2	NOM
guerre	CE2	NOM
guide	CE2	NOM
habit	CM1	NOM
habitation	CE2	NOM
habiter	CM2	VER
habitude	CM2	NOM
hache	CM1	NOM
haie	CE2	NOM
haine	CM1	NOM
hameau	CM2	NOM
hâte	CM1	NOM
haut	CE1	ADJ/ADV/NOM
hauteur	CE2	NOM
hélas	CM2	POU
herbe	CE1	NOM
héroïque	CM1	ADJ
hêtre	CM2	NOM
heure	CE2	NOM
heureusement	CE2	ADV
heureux	CM1	ADJ
hier	CE2	ADV
hirondelle	CE2	NOM
histoire	CM1	NOM
hiver	CE2	NOM
homme	CP	NOM
honneur	CM2	NOM
honorable	CM2	ADJ
honorer	CM2	VER
honte	CM1	NOM
honteux	CM1	ADJ
horloge	CE2	NOM
huile	CE2	NOM
huit	CE2	DET
humain	CM1	NOM/ADJ
humble	CM1	ADJ
humeur	CM1	NOM
humide	CM1	ADJ
humidité	CM2	NOM
hurler	CM2	VER
ici	CE2	ADV
idéal	CM2	NOM/ADJ
idée	CE1	NOM
ignorant	CM2	NOM/ADJ
ignorer	CM2	VER
il	Outil	PRO
île	CM1	NOM
illuminer	CM1	VER
illustre	CE2	ADJ
illustrer	CM2	VER
ils	Outil	PRO
image	CP	NOM
imagination	CM1	NOM
imaginer	CM2	VER
imiter	CM1	VER
immédiatement	CM2	ADV
immobile	CM1	ADJ
imperméable	CM1	ADJ
implorer	CM2	VER
importance	CM2	NOM
important	CM1	ADJ
imposant	CM2	ADJ
imprévu	CM2	ADJ
imprimer	CM2	VER
imprudence	CM1	NOM
imprudent	CM1	ADJ
incendie	CM1	NOM
incliner	CM2	VER
inconnu	CE2	ADJ/NOM
indication	CM1	NOM
indigne	CE2	ADJ
indiquer	CM1	VER
indispensable	CM1	ADJ
industrie	CE2	NOM
industriel	CM2	NOM/ADJ
inerte	CM1	ADJ
inférieur	CE2	ADJ
infini	CM1	NOM/ADJ
infiniment	CM1	ADV
infirme	CE2	ADJ/NOM
infirmier	CE2	NOM
influence	CM2	NOM
informer	CM1	VER
ingrat	CM2	ADJ
ingratitude	CE2	NOM
injure	CE2	NOM
inquiet	CM2	ADJ
inquiétude	CM1	NOM
inscrire	CE2	VER
insecte	CE1	NOM
insigne	CE2	ADJ/NOM
inspecteur	CE2	NOM
inspirer	CM1	VER
instant	CM1	NOM
instituteur	CE2	NOM
instructif	CM1	ADJ
instruction	CE2	NOM
instruire	CM1	VER
instrument	CE2	NOM
intelligence	CM1	NOM
intelligent	CM1	ADJ
intention	CM1	NOM
interdire	CM2	VER
intérieur	CM1	ADJ/NOM
interroger	CM2	VER
intervenir	CE2	VER
intime	CE2	NOM/ADJ
introduction	CE2	NOM
introduire	CM1	VER
inutile	CE2	ADJ
invention	CM2	NOM
invisible	CE1	ADJ
invitation	CE2	NOM
inviter	CM1	VER
invoquer	CM1	VER
irriter	CM1	VER
isoler	CM1	VER
ivoire	CM1	NOM
ivre	CE2	ADJ
ivresse	CM1	NOM
j	Outil	PRO
jadis	CM1	ADV
jamais	CE2	ADV
jambe	CE2	NOM
jambon	CM1	NOM
janvier	CE1	NOM
jardin	CP	NOM
jardinage	CE2	NOM
jardinier	CE1	NOM
jaune	CE1	ADJ
jaunir	CM1	VER
je	Outil	PRO
jeter	CM1	VER
jeu	CM1	NOM
jeudi	CP	NOM
jeune	CE2	ADJ
jeunesse	CE2	NOM
joie	CE1	NOM
joindre	CM1	VER
joli	CE1	ADJ
joue	CE1	NOM
jouer	CE1	VER
jouet	CE1	NOM
joueur	CE1	NOM
jouir	CE2	VER
joujou	CE2	NOM
jour	CE1	NOM
journal	CP	NOM
journalier	CE2	NOM/ADJ
journée	CE1	NOM
joyeusement	CM1	ADV
joyeux	CE2	ADJ
juge	CE2	NOM
jugement	CE2	NOM
juger	CM1	VER
juillet	CE1	NOM
juin	CE1	NOM
jurer	CE2	VER
jusque	CE2	PRE
juste	CE1	ADJ/ADV
justement	CE2	ADV
justice	CM1	NOM
képi	CM2	NOM
kilomètre	CM1	NOM
l	Outil	DET/PRO
la	Outil	DET/PRO
là	CM1	ADV
là-bas	CM2	ADV
labeur	CE1	NOM
laborieux	CM2	ADJ
labourer	CM1	VER
laboureur	CE2	NOM/ADJ
lac	CE1	NOM
laid	CM2	ADJ
laine	CE2	NOM
lait	CE1	NOM
laitier	CE2	ADJ
lambeau	CM2	NOM
lamentable	CM1	ADJ
lampe	CE1	NOM
langage	CM2	NOM
langue	CE2	NOM
lanterne	CM2	NOM
lapin	CP	NOM
large	CE1	ADJ/NOM/ADV
largement	CE2	ADV
larme	CE1	NOM
las	CM1	ADJ
laver	CE1	VER
le	Outil	DET/PRO
lécher	CE2	VER
leçon	CE2	NOM
lecture	CP	NOM
léger	CM1	ADJ
légèrement	CM1	ADV
légume	CE1	NOM
lendemain	CE2	NOM
lent	CM1	ADJ
lentement	CM1	ADV
lenteur	CM1	NOM
lequel	CM1	PRO
les	Outil	DET/PRO
lettre	CE1	NOM
leur	CM1	PRO/DET
lever	CE2	VER/NOM
lèvre	CE2	NOM
libérer	CM1	VER
liberté	CE2	NOM
libre	CP	ADJ
lien	CM1	NOM
lier	CE2	VER
lieu	CE1	NOM
lièvre	CE1	NOM
ligne	CP	NOM
ligue	CE2	NOM
lilas	CE2	NOM/ADJ
limite	CE2	NOM/ADJ
limiter	CM2	VER
limpide	CM2	ADJ
lin	CM1	NOM
linge	CE1	NOM
lion	CP	NOM
liquide	CE1	ADJ/NOM
lire	CE1	VER/NOM
lys	CE2	NOM
lisière	CM1	NOM
lisse	CE2	ADJ
liste	CE1	NOM
lit	CP	NOM
litière	CM1	NOM
livre	CP	NOM
livrer	CE2	VER
local	CE2	ADJ/NOM
localité	CM1	NOM
locomotive	CE2	NOM
loger	CM1	VER
loi	CE2	NOM
loin	CE1	ADV
lointain	CM2	ADJ/NOM
loisir	CM1	NOM
long	CE2	ADJ/NOM
longer	CM1	VER
longuement	CM2	ADV
longueur	CM1	NOM
lors	CM2	PRE
lorsque	CE2	CON
lot	CE2	NOM
louange	CE2	NOM
louer	CP	VER
loup	CE1	NOM
lourd	CE2	ADJ
loyal	CM2	ADJ
lueur	CE1	NOM
lugubre	CE2	ADJ
lui	CP	PRO
lui-même	CM1	PRO
luire	CE2	VER
luisant	CM1	ADJ
lumière	CE2	NOM
lumineux	CM2	ADJ
lundi	CP	NOM
lune	CE1	NOM
lunette	CE1	NOM
lutin	CM1	NOM
lutte	CE2	NOM
lutter	CM2	VER
m	Outil	PRO
ma	Outil	DET
machine	CE1	NOM
madame	CE1	NOM
mademoiselle	CE2	NOM
magasin	CM1	NOM
magique	CE1	ADJ
magnifique	CE1	ADJ
mai	CE2	NOM
maigre	CM1	ADJ/NOM
main	CE1	NOM
maintenant	CM1	ADV
maintenir	CM1	VER
mais	CE2	CON
maison	CP	NOM
maître	CE1	NOM
majesté	CM2	NOM
mal	CP	ADV/NOM
malade	CE1	ADJ/NOM
maladie	CP	NOM
malgré	CM1	PRE
malheur	CM1	NOM
malheureusement	CM1	ADV
malheureux	CM1	ADJ/NOM
malin	CE1	ADJ/NOM
maman	CP	NOM
manche	CM1	NOM/ADJ
manger	CE2	VER/NOM
manier	CM1	VER
manière	CM1	NOM
manifester	CM1	VER
manoeuvre	CM2	NOM
manoeuvrer	CM2	VER
manque	CE2	NOM
manquer	CM1	VER
manteau	CM1	NOM
manuel	CM1	ADJ/NOM
marbre	CP	NOM/ADJ
marchand	CE2	NOM
marchander	CM1	VER
marchandise	CE2	NOM
marche	CP	NOM
marché	CE2	NOM
marcher	CE1	VER
mardi	CP	NOM
mare	CM1	NOM
marguerite	CM2	NOM
mari	CE2	NOM
mariage	CE1	NOM
marier	CM1	VER
marin	CM1	NOM/ADJ
marque	CP	NOM
marquer	CE2	VER
marquis	CM1	NOM
mars	CP	NOM
marteau	CE2	NOM
masse	CM1	NOM
massif	CM1	ADJ/NOM
matériel	CM2	NOM/ADJ
maternel	CM1	ADJ
matière	CE1	NOM
matin	CP	NOM
matinal	CE2	ADJ
matinée	CE1	NOM
mauvais	CE2	ADJ
mauve	CE1	ADJ
me	Outil	PRO
mécanique	CE2	ADJ/NOM
méchant	CE2	ADJ
mécontent	CM1	ADJ
médaille	CE2	NOM
médecin	CE2	NOM
méditer	CM1	VER
meilleur	CM1	ADJ/NOM
mélancolie	CM2	NOM
mélancolique	CM1	ADJ
mélange	CE1	NOM
mélanger	CM1	VER
mélodie	CE2	NOM
mélodieux	CM1	ADJ
membre	CM1	NOM
même	CP	ADV/NOM/PRO
mémoire	CE1	NOM
ménage	CE2	NOM
ménager	CE2	ADJ/VER
ménagère	CM1	NOM/ADJ
ménagerie	CE2	NOM
mendiant	CM1	NOM
mendier	CM2	VER
mener	CE2	VER
mensonge	CM1	NOM
menteur	CE2	NOM
mentir	CE2	VER
menton	CM1	NOM
menu	CE1	NOM/ADJ
menuisier	CE2	NOM
mer	CE2	NOM
merci	CE2	NOM
mercredi	CE1	NOM
mère	CP	NOM
mériter	CM2	VER
merle	CE1	NOM
merveille	CE2	NOM
merveilleusement	CM1	ADV
merveilleux	CM2	ADJ/NOM
mes	Outil	DET
messe	CE2	NOM
mesure	CE2	NOM
mesurer	CM2	VER
métal	CE2	NOM
métier	CE2	NOM
mètre	CM1	NOM
mettre	CM1	VER
meuble	CE1	NOM
meule	CE2	NOM
meunier	CM2	NOM/ADJ
midi	CP	NOM
miel	CE1	NOM
mien	CM1	PRO
miette	CE2	NOM
mieux	CM1	ADV
mignon	CM1	ADJ/NOM
migrateur	CE2	NOM/ADJ
milieu	CM1	NOM
militaire	CE2	NOM/ADJ
mille	CE2	NOM/DET
millier	CM2	NOM
million	CM2	NOM
mince	CM1	ADJ
mine	CE2	NOM
mineur	CE1	NOM/ADJ
ministre	CE1	NOM
minuit	CE1	NOM
minuscule	CE2	ADJ
minute	CE2	NOM
miracle	CE1	NOM
mirer	CE2	VER
miroir	CM2	NOM
misérable	CE1	ADJ
misère	CE2	NOM
mission	CM1	NOM
mobile	CE2	NOM/ADJ
mode	CE1	NOM
modèle	CE2	NOM/ADJ
moderne	CE1	ADJ
modeste	CE2	ADJ
modestie	CE2	NOM
moi	Outil	PRO/NOM
moindre	CE2	ADJ
moine	CE1	NOM
moineau	CE2	NOM
mois	CE2	NOM
moisson	CM1	NOM
moitié	CM2	NOM/ADV
moment	CE2	NOM
mon	Outil	DET
monde	CE1	NOM
monotone	CM1	ADJ
monsieur	CM2	NOM
monstre	CE2	NOM/ADJ
mont	CE2	NOM
montagne	CE2	NOM
montant	CM1	NOM
monter	CE2	VER
montre	CE2	NOM
montrer	CM1	VER
monument	CM1	NOM
moquer	CM1	VER
moqueur	CM1	ADJ
morale	CE2	NOM
morceau	CE2	NOM
mordre	CE2	VER
morne	CP	ADJ
mort	CP	NOM/ADJ
mortel	CE2	ADJ/NOM
mot	CE1	NOM
moteur	CE1	NOM/ADJ
motif	CE2	NOM
mou	CM1	ADJ/NOM
mouche	CE2	NOM
mouchoir	CE2	NOM
moudre	CE1	VER
moulin	CP	NOM
mourir	CM1	VER
mousse	CE2	NOM
moustache	CP	NOM
mouton	CE1	NOM
mouvement	CE2	NOM
mouvoir	CE1	VER
moyen	CE2	NOM
moyenne	CM1	NOM
muet	CE2	NOM/ADJ
multicolore	CE2	ADJ
multiple	CE2	NOM/ADJ
multitude	CE1	NOM
munir	CE2	VER
mur	CE2	NOM
muraille	CE2	NOM
murmure	CE1	NOM
murmurer	CE1	VER
muscle	CE2	NOM
museau	CM1	NOM
musée	CE2	NOM
musicien	CM2	NOM/ADJ
musique	CE1	NOM
mystérieux	CM2	ADJ
n	Outil	POU
nager	CE2	VER
naissance	CM1	NOM
nappe	CE2	NOM
natal	CE2	ADJ
nation	CE1	NOM
nature	CP	NOM/ADJ
naturel	CM2	ADJ/NOM
naturellement	CE2	ADV
navire	CE1	NOM
ne	Outil	POU
négliger	CM2	VER
neige	CE1	NOM
neiger	CM1	VER
net	CE2	ADJ/ADV
neuf	CE2	ADJ/DET
nez	CE1	NOM
ni	CM1	CON
niche	CP	NOM
nid	CE1	NOM
niveau	CM2	NOM
noble	CE2	NOM/ADJ
noir	CE2	ADJ
noisette	CM1	NOM
noix	CM1	NOM
nom	CE1	NOM
nombre	CE2	NOM
nombreux	CM1	ADJ
nommer	CM1	VER
non	CM2	POU
nord	CE2	NOM
normal	CE2	ADJ
nos	Outil	DET
notaire	CM2	NOM
note	CE2	NOM
notre	Outil	DET
nourriture	CM1	NOM
nous	Outil	PRO
nouveau	CE2	ADJ/NOM
nouvelle	CM1	NOM
novembre	CE2	NOM
noyer	CM1	VER/NOM
nu	CM1	ADJ/NOM
nuage	CE1	NOM
nuisible	CE1	ADJ
nuit	CE2	NOM
nul	CE2	ADJ/NOM
nullement	CM1	ADV
numéro	CE2	NOM
obéir	CM1	VER
obéissant	CM2	ADJ
objet	CE2	NOM
obliger	CE2	VER
obscurité	CM1	NOM
observation	CM1	NOM
observer	CM2	VER
obstacle	CM2	NOM
obtenir	CM1	VER
occupation	CM2	NOM
occuper	CM2	VER
océan	CM1	NOM
octobre	CP	NOM
odeur	CE1	NOM
odorant	CM2	ADJ
oeuf	CE1	NOM
oeuvre	CE2	NOM
office	CM1	NOM
officier	CM1	NOM/VER
offre	CE1	NOM
offrir	CM1	VER
oie	CE2	NOM
oiseau	CE2	NOM
ombrage	CE2	NOM
ombre	CE2	NOM
on	Outil	PRO
oncle	CE1	NOM
onde	CE2	NOM
onduler	CM1	VER
onze	CE2	DET
opérer	CM2	VER
or	CE1	NOM/CON
orage	CE1	NOM
orange	CE1	NOM/ADJ
oranger	CM1	NOM
ordinaire	CM1	ADJ/NOM
ordinairement	CM2	ADV
ordonner	CM2	VER
ordre	CP	NOM
oreille	CE1	NOM
organiser	CM1	VER
orgue	CM1	NOM
ornement	CE2	NOM
orner	CM2	VER
orphelin	CM1	NOM/ADJ
os	CP	NOM
osier	CE2	NOM
ou	Outil	CON
où	Outil	CON
ouate	CM2	NOM
oublier	CM2	VER
oui	CE2	POU
ours	CE2	NOM
outil	CM1	NOM
outre	CE2	NOM/PRE
ouverture	CE1	NOM
ouvrage	CE2	NOM
ouvrier	CE2	NOM
ouvrir	CE2	VER
page	CE2	NOM
paille	CE2	NOM
pain	CE2	NOM
paire	CE2	NOM
paisible	CM1	ADJ
paix	CM1	NOM
palais	CE2	NOM
pâle	CE2	ADJ
pâlir	CM2	VER
panache	CE2	NOM
panier	CE2	NOM
panorama	CE2	NOM
pantalon	CE2	NOM
papa	CP	NOM
papier	CE1	NOM
papillon	CM1	NOM
paquet	CE2	NOM
par	CM1	PRE
paradis	CM2	NOM
parages	CM2	NOM
parapluie	CM1	NOM
parc	CE2	NOM
parce	CM2	CON
parcourir	CE2	VER
pardon	CE1	NOM
pardonner	CM1	VER
parent	CE1	NOM
paresse	CM2	NOM
parfait	CE1	ADJ
parfaitement	CE2	ADV
parfois	CE2	ADV
parfum	CE2	NOM
parfumer	CM2	VER
parler	CE2	VER
paroisse	CM1	NOM
parole	CE2	NOM
parquet	CE2	NOM
part	CE2	NOM
partager	CM1	VER
parti	CM1	NOM
participer	CM1	VER
particulier	CM1	ADJ/NOM
particulièrement	CM1	ADV
partie	CE1	NOM
partir	CE2	VER
partout	CE2	ADV
parure	CM1	NOM
parvenir	CE1	VER
pas	Outil	POU
pas	CE2	NOM
passage	CM1	NOM
passant	CM2	NOM
passé	CE2	NOM
passer	CM1	VER
passion	CM2	NOM
pâte	CE2	NOM
patin	CM1	NOM
pâtre	CE2	NOM
patrie	CE1	NOM
patron	CE1	NOM
patronage	CM1	NOM
patte	CE1	NOM
pâture	CM2	NOM
pauvre	CP	ADJ/NOM
pavé	CM1	NOM
payer	CM1	VER
pays	CE2	NOM
paysage	CE2	NOM
paysan	CM2	NOM/ADJ
peau	CE2	NOM
pêche	CM1	NOM
péché	CM1	NOM
pêcher	CE2	VER
pêcheur	CM1	NOM/ADJ
peindre	CM1	VER
peine	CE2	NOM
peintre	CM1	NOM
peinture	CM1	NOM
pelage	CE2	NOM
pelouse	CE2	NOM
pencher	CM1	VER
pendant	CE2	PRE/NOM
pendre	CE2	VER
pendule	CE2	NOM
pénétrer	CM2	VER
pénible	CE1	ADJ
péniblement	CE2	ADV
pénitence	CM1	NOM
pensée	CE2	NOM
pension	CM1	NOM
perche	CE1	NOM
percher	CM1	VER
perdre	CE2	VER
père	CE1	NOM
perfection	CE2	NOM
péril	CM2	NOM
période	CM1	NOM
périr	CE2	VER
perle	CE1	NOM
permettre	CM1	VER
permission	CM2	NOM
personnage	CE2	NOM
personne	CE1	NOM/PRO
personnel	CM1	ADJ/NOM
perspective	CM1	NOM
persuader	CM2	VER
perte	CE2	NOM
peser	CM1	VER
pétale	CM1	NOM
petit	CE1	ADJ/NOM
pétrir	CM1	VER
peu	CM2	ADV
peuple	CE2	NOM
peupler	CM1	VER
peuplier	CE2	NOM
peur	CE1	NOM
piano	CE2	NOM
pic	CM1	NOM
pie	CE1	NOM
pièce	CE2	NOM
pied	CE1	NOM
pierre	CE2	NOM
piété	CE2	NOM
pieux	CM1	ADJ/NOM
pigeon	CM1	NOM
pin	CM2	NOM
pinson	CE2	NOM
pipe	CP	NOM
piquer	CM1	VER
piste	CE1	NOM
pitié	CE2	NOM
place	CE1	NOM
placer	CM1	VER
plage	CE1	NOM
plaie	CE2	NOM
plaindre	CM2	VER
plaine	CE2	NOM
plainte	CM2	NOM
plaintif	CM2	ADJ
plaire	CE2	VER
plaisir	CE2	NOM
plan	CM2	NOM
planche	CE1	NOM
plancher	CM1	NOM
planer	CM2	VER
plante	CP	NOM
planter	CM1	VER
plaque	CE2	NOM
plat	CE2	ADJ/NOM/ADV
plateau	CE2	NOM
plein	CM2	ADJ
pleur	CM1	NOM
pleurer	CE2	VER
pleuvoir	CM1	VER
plier	CM1	VER
plomb	CM2	NOM
plonger	CE2	VER
pluie	CE1	NOM
plumage	CE1	NOM
plume	CP	NOM
plumier	CE1	NOM
plus	CP	ADV
plusieurs	CM2	PRO/DET
plutôt	CM2	ADV
poche	CE1	NOM
poésie	CE2	NOM
poignée	CE2	NOM
poil	CM1	NOM
point	CE2	NOM
pointe	CE2	NOM
pointu	CE2	ADJ
poire	CP	NOM
poireau, porreau	CM1	NOM
poirier	CM1	NOM
poisson	CE2	NOM
poitrine	CE1	NOM
poli	CE2	ADJ
police	CE2	NOM
politesse	CE2	NOM
politique	CE1	NOM/ADJ
pomme	CP	NOM
pommier	CM1	NOM
pompe	CE2	NOM
pompier	CM1	NOM
pondre	CE1	VER
pont	CE2	NOM
porc	CE2	NOM
port	CE2	NOM
porte	CP	NOM
porte-plume	CM1	NOM
portée	CE2	NOM
porter	CM1	VER
porteur	CE1	NOM
portière	CM1	NOM
portrait	CM1	NOM
poser	CM1	VER
position	CM1	NOM
possible	CE2	ADJ/NOM
postal	CE2	ADJ
poste	CP	NOM
pot	CE2	NOM
potager	CM2	NOM/ADJ
poteau	CM1	NOM
poudre	CE1	NOM
poule	CE1	NOM
poulet	CE1	NOM
poumon	CE2	NOM
poupée	CP	NOM
pour	CP	PRE
pourpre	CM1	ADJ/NOM
pourquoi	CE2	CON
poursuite	CE2	NOM
poursuivre	CM1	VER
pourtant	CM1	ADV
pourvoir	CE2	VER
pousser	CM1	VER
poussière	CM2	NOM
poussin	CM1	NOM
poutre	CE2	NOM
pouvoir	CP	VER/NOM
prairie	CE2	NOM
pratique	CE1	NOM/ADJ
pratiquer	CE2	VER
préau	CM1	NOM
prêcher	CM2	VER
précieux	CM2	ADJ
précipiter	CM2	VER
préférence	CM1	NOM
premier	CP	NOM/PRO
prendre	CE1	VER
préparatif	CM1	NOM
préparation	CE2	NOM
préparer	CM1	VER
près	CM2	PRE
présence	CM1	NOM
présent	CE2	NOM
présenter	CM1	VER
préserver	CM1	VER
président	CM1	NOM
presque	CE2	ADV
presser	CM2	VER
prêt	CM2	ADJ
prétendre	CM1	VER
prêtre	CM1	NOM
preuve	CE1	NOM
prévenir	CE2	VER
prévoir	CE2	VER
prier	CM1	VER
prière	CE2	NOM
primaire	CM1	ADJ
prime	CE1	NOM
prince	CE1	NOM
princesse	CM1	NOM
principalement	CM1	ADV
principe	CM1	NOM
printanier	CM2	ADJ
printemps	CM1	NOM
prise	CE2	NOM
prison	CE1	NOM
prisonnier	CM1	NOM/ADJ
privation	CM1	NOM
priver	CM2	VER
prix	CE2	NOM
probablement	CM1	ADV
problème	CE1	NOM
prochain	CE2	NOM/ADJ/PRO
proche	CE1	ADJ
proclamer	CM1	VER
procurer	CM1	VER
procureur	CE1	NOM
prodigieux	CM1	ADJ
production	CE2	NOM
produire	CE1	VER
produit	CE2	NOM
professeur	CM2	NOM
profit	CM1	NOM
profiter	CM1	VER
profond	CM2	ADJ
profondément	CE2	ADV
profondeur	CE1	NOM
programme	CM1	NOM
proie	CM2	NOM
prolonger	CM2	VER
promenade	CE1	NOM
promener	CM1	VER
promeneur	CE2	NOM
promesse	CE2	NOM
prononcer	CM2	VER
propos	CM1	NOM
proposer	CM1	VER
proposition	CE2	NOM
propre	CP	ADJ
proprement	CE2	ADV
propreté	CE2	NOM
propriétaire	CM1	NOM
propriété	CE2	NOM
prospérité	CM1	NOM
protecteur	CE2	ADJ/NOM
protection	CM1	NOM
protéger	CM1	VER
prouver	CM1	VER
provenir	CE1	VER
proverbe	CP	NOM
provision	CM1	NOM
provoquer	CM2	VER
prudence	CE2	NOM
prudent	CM1	ADJ
puis	CE2	CON
puisque	CE2	CON
puissance	CM1	NOM
puissant	CM1	ADJ
punir	CE1	VER
punition	CE2	NOM
pupitre	CE2	NOM
pur	CE2	ADJ/NOM
purifier	CE2	VER
qu	Outil	PRO/CON
qualité	CM1	NOM
quand	CM1	CON
quarante	CE2	DET
quart	CM1	NOM
quatorze	CM2	DET
quatre	CE2	DET
quatrième	CM1	PRO/DET/ADJ
que	Outil	CON/PRO
quel	CM1	PRO/DET
quelque	CE2	DET
question	CM1	NOM
qui	Outil	PRO/CON
quinze	CM2	DET
quitter	CM2	VER
quoi	CE2	PRO
quoique	CM2	POU
race	CM1	NOM
racine	CE2	NOM
raconter	CM1	VER
radieux	CM1	ADJ
rage	CE1	NOM
raide	CM1	ADJ
raisin	CE2	NOM
raison	CE2	NOM
ralentir	CM1	VER
ramage	CE1	NOM
rame	CE2	NOM
rameau	CM1	NOM
ramener	CM1	VER
rang	CM2	NOM
rangée	CM1	NOM
ranimer	CM1	VER
rapide	CE2	ADJ/NOM
rapidement	CE2	ADV
rapidité	CM1	NOM
rare	CE1	ADJ
rarement	CE2	ADV
raser	CM1	VER
rassurer	CM2	VER
rat	CE1	NOM
ravage	CM1	NOM
ravin	CE2	NOM
ravir	CE2	VER
ravissant	CM2	ADJ
rayon	CE2	NOM
réaliser	CM2	VER
réalité	CM1	NOM
recevoir	CM1	VER
recherche	CE2	NOM
rechercher	CM1	VER
réclamer	CM2	VER
récolte	CE1	NOM
récolter	CM1	VER
récompense	CM2	NOM
reconduire	CM1	VER
réconforter	CM1	VER
recourir	CE2	VER
recouvrir	CM1	VER
récréation	CE2	NOM
reculer	CE2	VER
rédaction	CP	NOM
redevenir	CE1	VER
redire	CE2	VER
redoubler	CM1	VER
redoutable	CE1	ADJ
redouter	CM1	VER
réduire	CE2	VER
réellement	CM1	ADV
refaire	CM1	VER
réfectoire	CM1	NOM
refermer	CM1	VER
réfléchir	CE2	VER
reflet	CM2	NOM
réformer	CM2	VER
refrain	CE2	NOM
refroidir	CM1	VER
refuge	CE2	NOM
réfugier	CM2	VER
refuser	CM1	VER
regagner	CM1	VER
régaler	CM1	VER
regard	CE1	NOM
regarder	CE1	VER
régime	CE2	NOM
régiment	CE2	NOM
région	CE2	NOM
règle	CM1	NOM
régler	CM1	VER
règne	CM1	NOM
regret	CM2	NOM
régulier	CM1	ADJ
régulièrement	CM1	ADV
reine	CE1	NOM
rejeter	CM2	VER
rejoindre	CM1	VER
réjouir	CE2	VER
relatif	CE2	ADJ
relation	CM1	NOM
relativement	CE2	ADV
relever	CM2	VER
religieux	CM1	ADJ/NOM
religion	CE2	NOM
relire	CP	VER
remarquable	CM2	ADJ
remarque	CE1	NOM
remarquer	CM1	VER
remède	CM1	NOM
remerciement	CM2	NOM
remercier	CM1	VER
remettre	CE2	VER
remise	CP	NOM
remonter	CE2	VER
remplacer	CM1	VER
remplir	CE2	VER
remporter	CM2	VER
remuer	CM1	VER
renard	CE1	NOM
rencontre	CE1	NOM
rencontrer	CM1	VER
rendre	CE1	VER
renoncer	CM2	VER
renoncule	CM1	NOM
renouveau	CE2	NOM
renouveler	CM2	VER
renouvellement	CE2	NOM
renseignement	CM2	NOM
rentrée	CM1	NOM
rentrer	CE2	VER
renverser	CM1	VER
réparer	CM1	VER
répartir	CE2	VER
repas	CE2	NOM
repasser	CM2	VER
repentir	CE2	VER
répéter	CM1	VER
replier	CM1	VER
répondre	CE2	VER
réponse	CE2	NOM
reporter	CM2	VER
repos	CE2	NOM
reposer	CM2	VER
reprendre	CE2	VER
représentation	CE2	NOM
représenter	CM1	VER
reprise	CE1	NOM
reproche	CE1	NOM
reprocher	CM1	VER
réserve	CE2	NOM
réserver	CM2	VER
résistance	CM2	NOM
résister	CM2	VER
résolution	CM1	NOM
résoudre	CM1	VER
respect	CM1	NOM
respecter	CE2	VER
respectueux	CE2	ADJ
respiration	CE2	NOM
respirer	CM1	VER
reste	CE1	NOM
rester	CM1	VER
résultat	CM2	NOM
rétablir	CE1	VER
retard	CM1	NOM
retenir	CP	VER
retentir	CM1	VER
retirer	CM2	VER
retomber	CM1	VER
retour	CP	NOM
retourner	CM1	VER
retraite	CM1	NOM
retrouver	CE2	VER
réunion	CE2	NOM
réunir	CE1	VER
rêve	CE2	NOM
réveil	CM2	NOM
revenir	CP	VER
reverdir	CM1	VER
revêtir	CM1	VER
revivre	CE2	VER
revoir	CE1	VER
revue	CE1	NOM
rhume	CM2	NOM
riant	CM1	ADJ
riche	CP	ADJ/NOM
richesse	CE2	NOM
rideau	CM1	NOM
rider	CM1	VER
rien	CE1	PRO
rigole	CE2	NOM
rigoureux	CM1	ADJ
rire	CP	VER
risque	CE1	NOM
risquer	CM1	VER
rive	CP	NOM
rivière	CE1	NOM
riz	CE2	NOM
robe	CP	NOM
robuste	CE1	ADJ
rocher	CE2	NOM
roi	CE1	NOM
rôle	CM1	NOM
romain	CE2	NOM/ADJ
rompre	CM1	VER
ronce	CM2	NOM
rond	CM1	ADJ/NOM/ADV
ronde	CE1	NOM
ronger	CE2	VER
rose	CE1	NOM/ADJ
roseau	CM1	NOM
rosée	CE1	NOM
rosier	CE2	NOM
rossignol	CM2	NOM
roue	CE2	NOM
rouge	CP	ADJ/ADV
rougir	CE2	VER
rouleau	CM1	NOM
rouler	CE2	VER
roulotte	CM1	NOM
route	CP	NOM
roux	CM1	ADJ
royal	CM1	ADJ
royaume	CM1	NOM
ruban	CE2	NOM
ruche	CE1	NOM
rude	CP	ADJ/ADV
rue	CP	NOM
ruelle	CE2	NOM
ruine	CE2	NOM
ruiner	CM1	VER
ruisseau	CM1	NOM
rusé	CM2	ADJ
rustique	CE2	ADJ/NOM
s	Outil	PRO
sa	Outil	DET
sable	CP	NOM
sac	CE1	NOM
sacoche	CE1	NOM
sacré	CE2	NOM/ADJ
sacrement	CM1	NOM
sacrifice	CE2	NOM
sacrifier	CM1	VER
sage	CP	NOM/ADJ
sagement	CE2	ADV
sagesse	CE2	NOM
sain	CM2	NOM
saint	CE1	NOM/ADJ
saisir	CM2	VER
saison	CE2	NOM
salade	CP	NOM
salaire	CM1	NOM
sale	CM1	ADJ
salir	CM1	VER
salle	CE2	NOM
salon	CE2	NOM
saluer	CM1	VER
salut	CM2	NOM
salutation	CE1	NOM
samedi	CE1	NOM
sang	CE2	NOM
sanglot	CM1	NOM
sans	CM1	PRE
santé	CM1	NOM
sapin	CE2	NOM
satin	CE2	NOM
satisfaction	CM1	NOM
satisfaire	CM1	VER
satisfait	CM1	ADJ
saule	CM1	NOM
saut	CM1	NOM
sauter	CE2	VER
sautiller	CM2	VER
sauvage	CE1	ADJ/NOM
sauver	CE2	VER
savant	CE2	NOM/ADJ
savoir	CE2	VER/NOM
savon	CE2	NOM
savourer	CM1	VER
savoureux	CM2	ADJ
scolaire	CM1	ADJ/NOM
se	Outil	PRO
seau	CM1	NOM
sec	CE1	ADJ/ADV
second	CM1	ADJ/NOM
seconde	CM1	NOM
secouer	CM1	VER
secourir	CE2	VER
secret	CE2	ADJ/NOM
sécurité	CM2	NOM
seigneur	CE2	NOM
seize	CM2	DET
séjour	CM1	NOM
sel	CE1	NOM
selon	CM1	PRE
semaine	CE1	NOM
semblable	CM1	ADJ/NOM
sembler	CM1	VER
semer	CE2	VER
sensible	CM2	ADJ/NOM
sentier	CM1	NOM
sentiment	CM1	NOM
sentir	CE2	VER
séparer	CM2	VER
sept	CM1	DET
septembre	CE2	NOM
sergent	CM1	NOM
série	CE2	NOM
sérieusement	CM1	ADV
sérieux	CM1	ADJ
serrer	CM2	VER
serrure	CM1	NOM
servante	CE2	NOM
serviable	CE2	ADJ
service	CE2	NOM
serviette	CM1	NOM
servir	CE2	VER
serviteur	CE1	NOM
ses	Outil	DET
seuil	CM1	NOM
seul	CE2	ADJ
seulement	CM1	ADV
sève	CM1	NOM
sévèrement	CM2	ADV
sévir	CM1	VER
si	CE2	CON/ADV
siècle	CM1	NOM
siège	CE1	NOM
sien	CM1	PRO
signal	CM1	NOM
signaler	CM2	VER
signature	CE2	NOM
signe	CE1	NOM
signer	CM1	VER
signifier	CM1	VER
silence	CE2	NOM
silencieusement	CM2	ADV
silencieux	CM2	ADJ
sillon	CM2	NOM
simple	CE2	ADJ
simplement	CM1	ADV
sincère	CM2	ADJ
singe	CE1	NOM
singulier	CE1	ADJ/NOM
sinistre	CE2	NOM/ADJ
sinon	CM2	CON
sirène	CM2	NOM
sitôt	CM1	ADV
situation	CE2	NOM
situer	CM1	VER
six	CM1	DET
sobre	CE2	ADJ
société	CM2	NOM
soeur	CE1	NOM
soi	Outil	PRO
soie	CE2	NOM
soif	CE2	NOM
soigner	CM1	VER
soigneusement	CE2	ADV
soin	CM1	NOM
soir	CP	NOM
soirée	CE2	NOM
sol	CE1	NOM
soldat	CE1	NOM
soleil	CP	NOM
solide	CP	ADJ/NOM
solitaire	CM1	ADJ/NOM
solitude	CE2	NOM
sombre	CE1	ADJ
somme	CE2	NOM
sommet	CM2	NOM
son	Outil	DET
son	CM1	NOM
songer	CE2	VER
sonner	CE2	VER
sonnette	CM2	NOM
sonore	CE2	ADJ
sort	CM1	NOM
sorte	CE1	NOM
sortie	CE1	NOM
sortir	CE1	VER
sot	CE2	ADJ
sou	CM1	NOM
soudain	CM1	ADV/ADJ
souffle	CM2	NOM
souffrance	CM1	NOM
souffrir	CM1	VER
souhait	CM2	NOM
soulagement	CE2	NOM
soulager	CE2	VER
soulever	CM1	VER
soulier	CE2	NOM
soumettre	CM2	VER
soupe	CP	NOM
souper	CE2	NOM/VER
soupir	CE2	NOM
soupirer	CM1	VER
souple	CM1	ADJ
source	CM1	NOM
sourd	CE2	ADJ/NOM
souriant	CM1	ADJ
sourire	CM1	NOM
souris	CE2	NOM
sous	CE1	PRE
soutenir	CE1	VER
souvenir	CE2	VER/NOM
souvent	CE2	ADV
souverain	CE2	NOM/ADJ
spacieux	CM2	ADJ
spécialement	CM2	ADV
spectacle	CE2	NOM
spectateur	CE1	NOM
splendeur	CM2	NOM
sport	CE2	NOM
station	CM1	NOM
stationner	CM2	VER
statue	CE1	NOM
studieux	CM1	ADJ
stupéfaction	CM1	NOM
suave	CE2	ADJ
subir	CM1	VER
subitement	CM1	ADV
sublime	CM1	ADJ/NOM
succéder	CM2	VER
succès	CM1	NOM
sucre	CP	NOM
sud	CE2	NOM
sueur	CE1	NOM
suite	CP	NOM
suivant	CE2	ADJ
suivre	CE1	VER
sujet	CE2	NOM
superbe	CE1	ADJ
supérieur	CM1	ADJ/NOM
suprême	CM1	ADJ
sur	CP	PRE
surface	CE2	NOM
surgir	CM1	VER
surmonter	CM2	VER
surprendre	CM1	VER
surprise	CE1	NOM
sursauter	CM2	VER
surtout	CE2	ADV
surveiller	CM1	VER
survenir	CE1	VER
suspendre	CM1	VER
t	Outil	PRO
ta	Outil	DET
tabac	CE2	NOM
table	CP	NOM
tableau	CE1	NOM
tablier	CE1	NOM
tache	CE2	NOM
tâche	CM1	NOM
taille	CE2	NOM
tailleur	CE2	NOM
taire	CE2	VER
talent	CM1	NOM
tambour	CM1	NOM
tant	CM1	ADV
tante	CE2	NOM
tantôt	CM2	ADV
tapage	CE2	NOM
tapis	CE2	NOM
taquiner	CM2	VER
tard	CM1	ADV
tarder	CM1	VER
tarte	CE1	NOM
tartine	CE1	NOM
tas	CM1	NOM
tasse	CP	NOM
te	Outil	PRO
teinte	CM1	NOM
tel	CE2	ADJ/DET
téléphone	CM1	NOM
témoigner	CM1	VER
témoin	CE2	NOM/ADJ
température	CM1	NOM
tempête	CM1	NOM
temps	CM1	NOM
tendre	CE2	ADJ
tendrement	CE2	ADV
tendresse	CE2	NOM
tenir	CE2	VER
tentation	CM1	NOM
tente	CE2	NOM
tenue	CE1	NOM
terme	CE1	NOM
terminer	CM1	VER
terrain	CM1	NOM
terre	CP	NOM
terrestre	CM1	ADJ
terreur	CE2	NOM
terrible	CE2	ADJ
terrier	CM1	NOM
tes	Outil	DET
tête	CP	NOM
thé	CM1	NOM
tiède	CM1	ADJ
tige	CP	NOM
tigre	CE1	NOM
timbre	CE1	NOM
timide	CE1	ADJ/NOM
tinter	CM2	VER
tirelire	CE2	NOM
tirer	CM1	VER
tiroir	CM2	NOM
titre	CE2	NOM
toi	Outil	PRO
toile	CE1	NOM
toilette	CM1	NOM
toit	CE2	NOM
tombe	CE1	NOM
tombeau	CE2	NOM
tomber	CE2	VER
ton	Outil	DET
ton	CE2	NOM
tonneau	CE2	NOM
tordre	CE2	VER
tortue	CE1	NOM
tôt	CM1	ADV
toucher	CE1	VER
touffe	CE2	NOM
toujours	CM1	ADV
tour	CE1	NOM
tourbillon	CM1	NOM
tourment	CM2	NOM
tournant	CM2	NOM
tournée	CE2	NOM
tourner	CE1	VER
tous	CE1	DET/PRO
tout	CE1	PRO/DET
trace	CM1	NOM
train	CE2	NOM
traitement	CM1	NOM
tramway	CE2	NOM
tranche	CE1	NOM
trancher	CM2	VER
tranquille	CM1	ADJ
tranquillement	CM2	ADV
transformation	CE2	NOM
transformer	CM1	VER
transport	CM1	NOM
transporter	CM1	VER
travail	CE2	NOM
travailler	CE2	VER
travailleur	CE2	NOM
traverser	CE2	VER
treize	CM2	DET
trembler	CM2	VER
trente	CM1	DET
très	CM1	ADV
trésor	CE2	NOM
tribunal	CE2	NOM
tricolore	CE2	ADJ
tricot	CM1	NOM
tricoter	CM2	VER
trimestre	CE2	NOM
triomphe	CM2	NOM
triste	CP	ADJ
tristement	CE2	ADV
tristesse	CM1	NOM
trois	CE1	DET
troisième	CM1	PRO
tromper	CM1	VER
trompette	CM2	NOM
tronc	CM2	NOM
trop	CM1	ADV
trou	CE2	NOM
trouble	CE1	NOM/ADJ
troubler	CM1	VER
trouer	CM1	VER
troupe	CE2	NOM
troupeau	CM1	NOM
trouver	CE2	VER
tu	Outil	PRO
tuer	CP	VER
tuile	CM1	NOM
tulipe	CE1	NOM
un	Outil	DET
une	Outil	DET
unes	Outil	PRO
union	CE2	NOM
unique	CE2	ADJ
unir	CE2	VER
uns	Outil	PRO
urgent	CM1	ADJ
usage	CE1	NOM
usine	CE1	NOM
utile	CE2	ADJ
utiliser	CM1	VER
utilité	CE2	NOM
vacances	CM1	NOM
vache	CP	NOM
vague	CE2	NOM/ADJ
vaillant	CM2	ADJ
vaincre	CM2	VER
valet	CE2	NOM
valeur	CE1	NOM
valise	CE1	NOM
vallée	CM1	NOM
valoir	CE2	VER
vapeur	CE1	NOM
varier	CM1	VER
vase	CE1	NOM
vaste	CE1	ADJ
veau	CM1	NOM
végétal	CM1	ADJ/NOM
véhicule	CM2	NOM
veille	CE2	NOM
veiller	CM2	VER
veine	CM2	NOM
vélo	CM1	NOM
velouté	CM1	NOM/ADJ
vendeur	CE1	NOM
vendre	CE2	VER
vendredi	CP	NOM
vénérer	CM1	VER
venger	CM1	VER
venir	CE1	VER
vent	CE1	NOM
vente	CE1	NOM
ventre	CE2	NOM
verdure	CE1	NOM
verger	CE1	NOM
vérifier	CM1	VER
véritable	CE1	ADJ
vérité	CM1	NOM
vernir	CE2	VER
verre	CM1	NOM
verser	CM1	VER
vert	CE2	ADJ
vertu	CE2	NOM
veston	CE2	NOM
vêtement	CM2	NOM
veuf	CM1	NOM/ADJ
viande	CE2	NOM
vicaire	CM1	NOM
vice	CM1	NOM
victime	CE1	NOM
victoire	CE1	NOM
vide	CE1	ADJ/NOM
vider	CM1	VER
vie	CE1	NOM
vierge	CE2	NOM/ADJ
vieux	CE2	ADJ/NOM
vif	CE1	ADJ
vigne	CP	NOM
vigoureux	CM1	ADJ
vigueur	CM2	NOM
vilain	CM1	ADJ
villa	CE2	NOM
village	CE1	NOM
ville	CE1	NOM
vin	CE1	NOM
vingt	CM1	DET
violence	CM1	NOM
violent	CM1	ADJ
violet	CE2	ADJ
violette	CE2	NOM
visage	CE1	NOM
viser	CM2	VER
visible	CE1	ADJ
visite	CE1	NOM
visiter	CE2	VER
visiteur	CE1	NOM
vite	CE1	ADV
vitesse	CE2	NOM
vitre	CE1	NOM
vitrine	CE1	NOM
vivant	CE2	ADJ/NOM
vivement	CE2	ADV
vivre	CE1	VER
voici	CE1	POU
voie	CM2	NOM
voile	CE2	NOM
voiler	CM2	VER
voir	CE2	VER
voisin	CE1	NOM/ADJ
voisinage	CE1	NOM
voiture	CP	NOM
vol	CM1	NOM
volée	CE2	NOM
voler	CM1	VER
volet	CM1	NOM
voleur	CE1	NOM
volonté	CE2	NOM
voltiger	CE2	VER
volume	CE1	NOM
vos	Outil	DET
votre	Outil	DET
vôtre	CM1	PRO
vouloir	CE2	VER/NOM
vous	Outil	PRO
voyage	CE2	NOM
voyager	CM1	VER
voyageur	CE2	NOM
vraiment	CM2	ADV
vue	CE1	NOM
wagon	CE2	NOM
y	Outil	PRO
yeux	CE2	NOM
zèle	CM1	NOM
zéro	CE2	DET
